ParameterNo:1,2,3,4,5,6,7,8,9,10,11,12,13,14,15,16,17,18,19,20,21,22,23,24,25,26,27,28,29,30,31,32,33,34,35,36,37,38,39,40,41,42,43,44,45,46,47,48,49,50,51,52,53,54,55,56,57,58,59,60,61,62,63,64,65,66,67,68,69,70,71,72,73,74,75,76,77,78,79,80,81,82,83,84,85,86,87,88,89,90,91,92,93,94,95,96,97,98,99,100
Loop Count:1,,,,,,,,,,,,,,,,,,,,,,,,,,,,,,,,,,,,,,,,,,,,,,,,,,,,,,,,,,,,,,,,,,,,,,,,,,,,,,,,,,,,,,,,,,,,,,,,,,,
43,0,0,21,-2,-12,20,0,16,-1,-6,-31,6,0,1,-16,-26,-10,-2,0,0,18,0,6,7,-6,0,21,-21,1,-32,-5,0,-1,11,-16,0,23,-28,0,0,-17,-12,-20,-17,0,15,7,29,14,-17,0,19,0,-11,25,-3,2,-12,0,21,1,-4,-8,0,-1,0,0,18,0,25,14,0,0,-13,5,1,-16,-10,-10,-3,35,4,3,0,-19,27,-2,0,38,33,33,1,0,21,-3,7,20,-18,15
Loop Count:2,,,,,,,,,,,,,,,,,,,,,,,,,,,,,,,,,,,,,,,,,,,,,,,,,,,,,,,,,,,,,,,,,,,,,,,,,,,,,,,,,,,,,,,,,,,,,,,,,,,
38,-17,32,34,16,21,13,30,22,14,16,18,24,19,15,0,7,13,22,17,47,0,37,39,32,26,22,35,14,19,20,24,23,12,18,19,14,26,22,22,49,0,31,-27,30,27,22,32,21,21,20,19,22,16,19,17,17,25,23,22,41,0,34,38,26,27,22,33,21,18,16,21,25,17,18,17,19,20,21,17,38,0,30,36,33,33,27,29,23,16,18,22,24,19,14,17,18,25,22,20
Loop Count:3,,,,,,,,,,,,,,,,,,,,,,,,,,,,,,,,,,,,,,,,,,,,,,,,,,,,,,,,,,,,,,,,,,,,,,,,,,,,,,,,,,,,,,,,,,,,,,,,,,,
42,49,31,42,37,49,38,46,32,35,32,38,28,29,25,25,29,39,33,37,53,43,38,48,35,39,42,57,33,35,34,30,29,35,30,35,14,18,31,38,57,54,38,43,38,53,41,55,30,36,31,39,32,32,33,29,25,33,30,38,59,50,39,44,35,47,43,43,30,35,32,43,32,34,28,30,27,38,32,31,52,50,38,47,38,50,41,53,24,33,31,42,34,31,26,29,31,34,33,41
Loop Count:4,,,,,,,,,,,,,,,,,,,,,,,,,,,,,,,,,,,,,,,,,,,,,,,,,,,,,,,,,,,,,,,,,,,,,,,,,,,,,,,,,,,,,,,,,,,,,,,,,,,
50,56,48,54,44,50,45,46,51,50,60,48,51,51,47,60,46,53,47,50,47,44,44,50,49,46,52,51,47,45,45,48,56,44,64,47,49,41,44,43,53,39,54,45,55,46,47,45,46,47,43,55,50,49,40,44,39,47,48,51,53,53,45,44,45,46,50,59,47,53,45,50,44,44,53,49,51,51,48,42,52,45,39,40,57,43,49,42,45,47,44,53,49,60,53,47,43,43,43,49
Loop Count:5,,,,,,,,,,,,,,,,,,,,,,,,,,,,,,,,,,,,,,,,,,,,,,,,,,,,,,,,,,,,,,,,,,,,,,,,,,,,,,,,,,,,,,,,,,,,,,,,,,,
47,49,51,59,43,47,33,54,40,48,49,47,49,46,50,42,51,41,59,48,50,44,38,39,46,49,51,54,57,56,41,41,45,55,51,55,50,47,43,50,42,40,49,61,49,59,45,49,48,44,43,56,59,53,42,48,42,48,40,54,51,53,25,40,47,41,53,47,61,51,51,44,47,49,48,47,54,48,51,46,49,36,50,45,47,52,62,47,51,41,45,47,45,53,50,52,49,41,39,56
Loop Count:6,,,,,,,,,,,,,,,,,,,,,,,,,,,,,,,,,,,,,,,,,,,,,,,,,,,,,,,,,,,,,,,,,,,,,,,,,,,,,,,,,,,,,,,,,,,,,,,,,,,
47,58,56,52,46,47,49,50,44,58,52,53,45,48,39,53,46,56,46,60,48,43,40,39,45,47,58,54,49,39,49,45,58,49,53,43,56,44,45,40,48,38,53,46,46,48,29,51,36,42,46,48,49,52,50,45,40,47,49,44,55,56,37,37,41,45,43,51,43,50,47,54,50,52,48,47,39,61,47,58,48,45,35,46,35,48,51,49,47,43,50,45,55,47,61,46,49,49,43,37
Loop Count:7,,,,,,,,,,,,,,,,,,,,,,,,,,,,,,,,,,,,,,,,,,,,,,,,,,,,,,,,,,,,,,,,,,,,,,,,,,,,,,,,,,,,,,,,,,,,,,,,,,,
49,48,62,51,49,42,51,49,52,36,46,48,55,49,50,49,45,58,61,53,55,46,51,35,54,42,49,51,49,53,43,43,49,53,50,58,53,50,45,55,51,40,53,57,55,57,51,42,54,30,49,60,57,63,53,52,51,45,25,51,51,51,46,45,33,46,43,53,38,41,41,37,45,33,47,53,49,41,47,47,42,-5,46,28,34,36,38,36,35,27,35,36,42,38,34,41,44,38,45,47
Loop Count:8,,,,,,,,,,,,,,,,,,,,,,,,,,,,,,,,,,,,,,,,,,,,,,,,,,,,,,,,,,,,,,,,,,,,,,,,,,,,,,,,,,,,,,,,,,,,,,,,,,,
31,31,42,32,36,39,32,39,24,33,39,38,30,29,30,38,29,37,38,25,29,30,32,37,36,41,37,29,30,25,37,39,37,34,45,31,41,28,36,32,27,25,28,38,32,39,41,27,30,31,40,42,31,30,38,30,35,28,43,28,29,30,29,39,42,36,45,34,32,35,42,45,30,29,8,34,40,24,40,22,29,37,33,40,45,40,36,34,24,27,39,32,38,35,40,34,41,25,40,28
Loop Count:9,,,,,,,,,,,,,,,,,,,,,,,,,,,,,,,,,,,,,,,,,,,,,,,,,,,,,,,,,,,,,,,,,,,,,,,,,,,,,,,,,,,,,,,,,,,,,,,,,,,
46,45,45,48,39,45,39,38,41,42,36,41,34,41,40,41,41,40,38,41,37,36,40,41,39,38,5,38,39,35,37,39,43,35,39,43,39,45,39,36,43,38,42,39,39,37,38,39,36,34,42,35,38,38,38,43,38,39,36,39,39,39,38,38,25,36,46,37,39,35,37,44,37,36,39,31,40,43,41,43,39,43,40,37,39,35,39,39,38,42,37,40,42,39,39,36,46,40,39,41
Loop Count:10,,,,,,,,,,,,,,,,,,,,,,,,,,,,,,,,,,,,,,,,,,,,,,,,,,,,,,,,,,,,,,,,,,,,,,,,,,,,,,,,,,,,,,,,,,,,,,,,,,,
39,35,39,33,35,30,31,38,47,42,42,38,37,35,38,35,35,41,46,41,45,38,2,36,38,38,39,36,38,47,42,44,36,37,39,35,35,37,34,45,39,41,39,38,37,39,38,48,36,41,38,39,44,38,42,39,38,42,29,44,42,44,42,38,39,38,44,40,32,43,40,41,42,38,38,38,38,42,36,39,41,40,40,36,34,39,38,42,37,39,41,40,43,39,40,40,38,39,33,33
